{
  "cat": {
    "total_samples": 798,
    "samples_with_divergence": 759,
    "divergence_sample_rate": 0.9511278195488722,
    "total_tokens": 33793,
    "total_divergence_tokens": 18920,
    "avg_divergence_rate": 0.5579796352538631
  },
  "penguin": {
    "total_samples": 793,
    "samples_with_divergence": 752,
    "divergence_sample_rate": 0.9482976040353089,
    "total_tokens": 33298,
    "total_divergence_tokens": 19413,
    "avg_divergence_rate": 0.5839849503900086
  }
}